row 1,row 2,row 3,row 4,row 5,row 6,row 7,row 8,row 9,row 10
14.Sep.B01.01,1,9,0.2,10.4,0.2,36.8,0.3,3400,200
14.Sep.B01.02,2,9.1,0.6,10.5,1,36.8,0.8,3500,400
14.Sep.B01.03,3,8.9,0.1,10.1,0.3,36.5,0.3,3281,0.44
14.Sep.B01.04,4,9,0.5,10.4,0.5,36.9,0.5,3400,0.9
14.Sep.B01.05,5,8.9,0.1,10.4,0.1,37,0.1,3400,51
14.Sep.B01.06,6,9,0.3,10.4,0.3,36.7,0.5,3435,158.5
14.Sep.B01.07,7,9.1,0.2,10.5,0.2,36.9,0.2,3510,100
14.Sep.B01.08,8,9,0.25,10,0.25,36.5,0.5,3285,129.4
14.Sep.B01.09,8,9.1,0.1,10.5,0.3,36.6,0.2,3500,0.37
14.Sep.B01.10,9,9,0.5,10,0.5,36.8,0.5,3312,252
14.Sep.B01.11,10,9.2,0.2,10.5,0.3,36.8,0.2,3554,129
14.Sep.B02.01,2,9,0.5,10.5,0.5,37,0.5,3496.5,260.2
14.Sep.B02.02,6,9,0.2,10.3,0.2,35.6,0.2,3300.12,99.137
14.Sep.B02.03,4,9,0.5,10.5,0.5,37,0.5,3496.5,260
14.Sep.B02.04,5,9,0.3,10.5,0.3,37,0.3,3500,200
14.Sep.B02.05,8,9,1,11,1,37,1,3663,839
14.Sep.B02.06,1,9,0.4,10.5,0.4,32,0.4,3024,181.5
14.Sep.B02.07,7,9.1,0.25,10.4,0.25,36.9,0.25,3490,130
14.Sep.B02.08,3,9,0.2,10.3,0.2,36.8,0.3,3411.36,0.2
14.Sep.B02.09,10,8.87,0.05,10.05,0.05,36.65,0.11,3267,26.4
14.Sep.B02.10,10,8.9,0.34,10.1,0.34,36.6,0.34,3289.97,170.284
14.Sep.B02.11,9,9,0.1,10,0.1,36.5,0.2,3285,52.3
14.Sep.B02.12,5,9,0.05,10,0.15,37,0.1,3330,54.021
14.Sep.B02.13,4,9,1,10,1,37,1,3330,500
14.Sep.B02.14,8,9,0.5,10.5,0.5,36.5,0.5,3449,550
14.Sep.B03.01,8,9,0.04,10.6,0.06,36.8,0.04,3490,20
14.Sep.B03.02,8,9,0.3,10.5,0.3,36.6,1.1,3500,200
14.Sep.B03.03,10,8.43,0.212,9.5,0.224,36.23,0.309,2901.48,126
14.Sep.B03.04,6,9.125,0.139,10.475,0.315,36.7,0.27,3507.946,120
14.Sep.B03.05,1,9,0.03,10.1,0.11,36.9,0.04,3354,90
14.Sep.B03.06,7,9.2,0.03,10.8,0.04,37,0.03,3678,46
14.Sep.B03.07,3,8.92143,0.2,10.1643,0.4,36.507,0.5,3310.65,159.9
14.Sep.B03.08,1,8.97,0.03,10.37,0.03,36.86,0.05,3428.677,118
14.Sep.B03.09,9,9,0,10,0,36.4,0.3,3276,54
14.Sep.B03.10,9,9,0.3,10.2,0.3,36.8,0.25,3378.4,159.1
14.Sep.B03.11,10,9,0.3,10.3,0.3,36.8,0.3,3410,130
14.Sep.B03.12,2,9,1,10.3,1.17,36.8,1.12,3410,400
14.Sep.B03.13,3,9.1,0.3,10.4,0.3,37,0.5,3500,170
14.Sep.B03.14,4,9.07,0.3,10.4,0.3,36.8,0.3,3470,150
14.Sep.B03.15,5,8.8,0.3,10.4,0.4,36.8,0.3,3368,175
14.Sep.B03.16,7,9.03,0.1,10.48,0.1,36.88,0.3,3486,58
14.Sep.B04.01,5,8.7,0.33,10.3,0.33,36.6,0.33,3280,5
14.Sep.B04.02,8,9,0.3,10,0.3,36,0.5,3240,189.7
14.Sep.B04.03,9,9,0.1,10,0.1,36.5,0.1,3280,48.9
14.Sep.B04.04,1,9,0.1,10.3,0.2,36.9,0.2,3421,120
14.Sep.B04.05,2,9,0.5,10.5,0.5,37,0.5,3496.5,260
14.Sep.B04.06,4,9,1,10,1,37,1,3330,506
14.Sep.B04.07,7,9,1,10,1,37,1,3330,506
14.Sep.B04.08,10,9,0.2,10.5,0.5,36.5,0.5,3950,190
15.Feb.B01.01,1,9,0.5,10.2,0.5,36.7,0.5,3320,250
15.Feb.B01.02,2,9,1,10,1,37,1,3300,500
15.Feb.B01.03,3,9,0.5,10,0.5,36,0.5,3200,350
15.Feb.B01.04,4,9,0.2,10,0.5,37,0.2,3300,200
15.Feb.B01.05,5,9,0.5,10.5,0.5,37,0.5,3496,0.87
15.Feb.B01.06,6,9.1,0.2,10.6,0.2,36.7,0.2,3540,160
15.Feb.B01.07,7,9,0.1,10.2,0.1,36.9,0.1,3400,500
15.Feb.B01.08,8,9.1,0.1,10.3,0.1,36.9,0.1,3460,80
15.Feb.B01.09,8,9,0.05,10.15,0.05,36.75,0.1,3360,30
15.Feb.B01.10,9,9,0.5,10,0.5,32,0.5,2900,200
15.Sep.B01.01,2,9.1,0.5,11,0.5,36.5,0.5,3650,410
15.Sep.B01.02,2,9,0.25,10.5,0.25,37,0.25,3496.5,204
15.Sep.B01.03,1,9.5,0.5,11.9,0.3,36.5,0.5,4130,50
15.Sep.B01.04,2,9.1,0.3,10.4,0.3,37,0.3,3500,150
15.Sep.B01.05,1,9,1.4,10.4,1.4,36.8,1.4,3423,72
15.Sep.B01.06,1,9,0.5,10.5,0.5,37.1,0.5,3510,410
15.Sep.B01.07,2,9.1,0.1,10.7,0.2,36.7,0.2,3570,30
15.Sep.B01.08,2,9.1,0.5,10.7,0.5,36.9,0.5,3600,260
15.Sep.B01.09,2,9,0.3,11.1,1,36,1,3564,363
15.Sep.B01.10,1,9,0.5,10,0.5,36.5,0.5,3285,250
15.Sep.B01.11,1,9,0.3,10,0.3,37,0.5,3330,156
15.Sep.B01.12,2,9,0.5,10.5,0.5,36.5,0.5,3450,400
15.Sep.B01.13,2,9,0.5,10.5,0.5,37,0.5,3500,140
15.Sep.B01.14,2,9,0.5,10,0.5,36.5,0.5,3290,240
15.Sep.B02.01,1,9.1,0.2,10.5,0.2,36.7,0.2,3510,100
15.Sep.B02.02,2,9.5,0.5,10.5,0.5,37,0.5,3690,270
15.Sep.B02.03,2,9,0.3,10.5,0.3,37,0.3,3500,160
15.Sep.B02.04,3,9,0.2,10.1,0.2,36.7,0.2,3340,100
15.Sep.B02.05,3,8.9,0.1,10,0.1,36.6,0.1,3260,50
15.Sep.B02.06,4,9.2,0.1,10,0.02,36.4,0.4,3400,480
15.Sep.B02.07,5,8.9,0.1,10,0.1,36.5,0.5,3250,70
15.Sep.B02.08,6,9,0.3,10.5,0.3,37,0.3,3500,160
15.Sep.B02.09,6,9,0.5,11,0.5,37,0.5,3660,270
15.Sep.B02.10,7,8.9,0.5,10.5,0.5,36.2,0.5,3380,250
15.Sep.B02.11,7,9,0.5,11,0.5,37,0.5,3660,420
15.Sep.B02.12,8,8,0.5,10,0.5,36,0.5,2880,1700
15.Sep.B02.13,9,9,0.1,10.2,0.1,35.1,0.1,3220,50
15.Sep.B02.14,9,9,0.5,10,0.5,37,0.5,3330,400
15.Sep.B03.01,5,9,0.3,10.5,0.3,36.6,0.3,3460,150
15.Sep.B03.02,9,9,0.5,11,0.5,37,0.5,3663,258
15.Sep.B03.03,10,9.1,0.5,10.4,0.5,36.8,0.5,3480,260
15.Sep.B03.04,9,8.8,0.15,10.3,0.15,36.6,0.15,3320,80
15.Sep.B03.05,3,8.9,0.5,10.3,0.5,36.6,0.5,3400,250
15.Sep.B03.06,6,9,1,10,1,36,0.1,3200,390
15.Sep.B03.07,10,9,0.5,10,0.5,37,0.5,3330,250
15.Sep.B03.08,8,9,0.4,10.7,0.4,37,0.6,3600,140
15.Sep.B03.09,7,9,0.5,10,0.5,37,0.5,3300,130
15.Sep.B03.10,9,9,0.3,10,0.3,36.6,0.3,3330,0.52
15.Sep.B04.01,10,9,0.5,10,0.5,37,0.5,3330,392.7
15.Sep.B04.02,6,9,1,10,1,37,1,3300,300
15.Sep.B04.03,5,9.1,0.5,10.5,0.5,36.8,0.5,3520,260
15.Sep.B04.04,7,9.2,0.5,10.3,0.5,37,0.5,3500,260
15.Sep.B04.05,4,9,0.1,10.4,0.1,36.9,0.1,3450,50
15.Sep.B04.06,8,9,0.05,10.3,0.17,37.18,0.09,3440,60
16.Feb.B01.01,7,9,0.05,10,0.1,36.5,0.05,3285,37.85
16.Feb.B01.02,7,9,0.1,10,0.1,37,0.5,3330,70
16.Feb.B01.03,8,9,1,10,1,37,1,3330,1.732050808
16.Feb.B01.04,3,8.8,0.1,10.2,0.1,36.6,0.1,3309.9,39
16.Feb.B01.05,9,9,0.1,10,0.2,36.7,0.3,3303,80.24845
16.Feb.B01.06,4,9,0.1,10,0.1,37,0.1,3330,50.6
16.Feb.B01.07,3,8.8,0.2,10,0.2,36.6,0.2,3220.8,99.8
16.Feb.B01.08,1,9,1,11,1,37,1,3663,0.15
16.Feb.B01.09,2,9,0.3,11,0.2,37,0.5,3700,90
16.Feb.B01.10,4,9.1,0.2,10.2,0.2,32,0.2,2970.24,139.6
16.Feb.B01.11,5,9,0.1,10,0.1,37,0.1,3330,0.3
16.Sep.B01.01,5,9,0.5,10.2,0.5,36.8,0.5,3378.2,0.87
16.Sep.B01.02,3,9,0,10,0.1,37,0.06,3400,0.164
16.Sep.B01.03,4,9.02,0.02,10.16,0.02,36.72,0.05,3365.14,11.8
16.Sep.B01.04,6,9.1,0.4,10.3,0.4,36.8,0.4,3449,206
16.Sep.B01.05,2,9.2,0.1,10.4,0.1,36.9,0.1,3530,115
16.Sep.B01.06,1,8.8,0.2,10.5,0.3,37.1,0.3,3400,130
16.Sep.B01.07,8,9,0.05,10.4,0.25,36.8,0.15,3444.48,0.3
16.Sep.B03.01,9,9,0.25,10,0.25,36.75,0.25,3308,126.3
16.Sep.B03.02,2,9,0.5,10,0.5,37,0.5,3330,252.9
16.Sep.B03.03,1,9,1,10.8,1.4,37,1,3596.4,611.4
16.Sep.B03.04,10,9,0.67,10.5,0.67,36.8,0.67,3411,339
16.Sep.B03.05,8,9,0.5,10.5,0.5,36,0.5,3400,300
16.Sep.B03.06,7,9,0.5,10.5,0.5,37,0.5,3500,300
16.Sep.B03.07,6,9,0.5,10,0.5,36.9,0.5,3320,250
16.Sep.B03.08,5,9,0.1,10.5,0.3,36.9,0.1,3500,100
16.Sep.B03.09,4,9,0.5,10,0.5,37,0.5,3330,253
16.Sep.B03.10,3,9,0.5,10,0.5,37,0.5,3330,252.9
16.Sep.B02.01,1,9.1,0.1,10.6,0.1,36.9,0.1,3560,1.4
16.Sep.B02.02,1,9,0.7,10.2,0.8,36.7,0.9,3370,380
16.Sep.B02.03,2,9.1,0.2,10.3,0.2,36.9,0.2,3460,100
16.Sep.B02.04,2,9.1,0.1,10.3,0.1,36.9,0.1,3458.64,51.6
16.Sep.B02.05,3,9.2,0.2,10.3,0.2,36.8,0.2,3490,104
16.Sep.B02.06,4,9,0.5,10,0.5,37,0.5,3330,252.9
16.Sep.B02.07,4,9,0.5,10.5,0.5,37,0.5,3496.5,260
16.Sep.B02.08,5,9,1,10,1,37,1,3330,506
16.Sep.B02.09,6,8,0.5,10,0.5,36,0.5,2900,234
16.Sep.B02.10,6,9,0.5,10,1,37,0.5,3300,380
16.Sep.B02.11,7,9.5,0.5,11.5,0.5,31.5,0.5,3441.38,238.301
16.Sep.B02.12,8,9.1,0.2,10.5,0.2,36.8,0.2,3500,100
16.Sep.B02.13,9,9.1,0.3,12.1,0.3,36.7,0.3,4041,169.9
16.Sep.B02.14,10,9,0.2,10,0.2,37,0.5,3330,0.58
16.Sep.B04.01,4,9.03,0.3,10.15,0.3,36.78,0.3,3371,152.64
16.Sep.B04.02,9,9,1,10,1,36,1,3240,491
16.Sep.B04.03,6,9,0.5,10.1,0.5,36.7,0.5,3300,200
16.Sep.B04.04,8,9.1,0.2,10.4,0.2,37,0.2,3501,296
16.Sep.B04.05,1,9,0.25,10.5,0.25,37,0.25,3496.5,188.1
16.Sep.B04.06,5,8.9,0.2,10.3,0.2,36.5,0.5,3345.9,99.07
16.Sep.B04.07,3,9.2,0.2,10.5,0.2,36.8,0.2,3550,163
16.Sep.B04.08,7,9.2,0.3,10.4,0.3,36.7,0.3,3511,244
16.Sep.B04.09,2,9.3,0.05,10.5,0.05,37,0.05,3613.1,0.087
16.Sep.B04.10,10,9,0.3,10,0.3,36.7,0.4,3303,152.4
16.Sep.B04.11,8,9.1,0.25,10.5,0.25,36.6,0.25,3497,129
16.Sep.B04.12,6,8.9,0.2,10.1,0.1,36.6,0.3,3290,134
16.Sep.B04.13,10,9,1,10,1,37,1,3330,506
17.Feb.B01.01,7,9,0.5,10,0.5,36,0.5,324,0.6
17.Feb.B01.02,1,9,0.5,10,0.5,36.5,0.5,3300,300
17.Feb.B01.03,6,8.9,0.3,10,0.3,36.5,0.3,3248,7
17.Feb.B01.04,2,9,0.5,10.5,0.5,36.5,0.5,3449.25,257
17.Feb.B01.05,3,9,0.2,10.5,0.3,36.7,0.4,3470,130
17.Feb.B01.06,9,9,0.1,10,0.1,37,0.1,3330,51
17.Feb.B01.07,8,9,0.5,10,0.5,37,0.5,3300,28
17.Feb.B01.08,5,9,0.5,10.2,0.5,36.5,0.5,3350.7,252.5
17.Feb.B01.09,10,9.2,0.1,10.4,0.1,36.8,0.1,3521.024,0.1
17.Feb.B01.10,2,8.9,0.2,10.5,0.2,36.8,0.2,3400,160
17.Feb.B01.11,3,9,0,10,0,36,0.61,3200,0.6
17.Feb.B01.12,4,9.5,0.5,10.5,0.5,37.5,0.5,3740.7,0.9
17.Feb.B02.01,1,9,0.5,10,0.5,37,0.5,3000,200
17.Feb.B02.02,2,9,1,11,1,37,1,4000,0
17.Feb.B02.03,3,9,1,10,1,36,1,3200,492
17.Feb.B02.04,4,9.5,0.5,10.5,0.5,37,0.5,3600,300
17.Feb.B03.01,9,9,0.3,10,0.3,37,0.3,3300,152
17.Feb.B03.02,7,9,0.25,10,0.25,37,0.25,3330,23.3
17.Feb.B03.03,5,9,0.5,10,0.5,37,0.5,3300,410.6
17.Sep.B01.01,3,9.1,0.3,10.2,0.3,36.5,0.3,3387.9,239.18
17.Sep.B01.02,6,9,0.1,10.3,0.2,36.8,0.5,3411,100
17.Sep.B01.03,8,9,0.4,10,0.4,37,0.2,3330,199.926
17.Sep.B01.04,2,9,0.5,10,0.5,37,0.5,3330,253
17.Sep.B01.05,10,9,0.1,10.1,0.1,36.6,0.2,3327,18
17.Sep.B01.06,4,9.1,0.4,10.2,0.4,36.6,0.4,3400,300
17.Sep.B01.07,9,9,0.1,10.3,0.1,37.7,0.1,3490,50
17.Sep.B01.08,5,9,0.2,10.2,0.2,36.6,0.2,3400,100
17.Sep.B02.01,6,9.3,0.1,10.5,0.1,37,0.1,3613.05,83.025
17.Sep.B02.02,4,9,0.5,10,0.5,36.5,0.5,3285,391.7
17.Sep.B02.03,9,9,0.2,10.5,0.2,37,0.2,3500,163
17.Sep.B02.04,7,9.2,0.5,10.6,0.5,36.8,0.5,3589,263
17.Sep.B02.05,10,9.2,0.2,10.3,0.2,36.8,0.2,3487.168,103.397
17.Sep.B02.06,1,9,0.2,10,0.2,37,0.2,3330,101
17.Sep.B02.07,3,9,0.05,10,0.05,36.5,0.05,3290,0.25
17.Sep.B02.08,8,9.5,0.5,10.5,1,37,0.5,3690,400
17.Sep.B02.09,9,9,0.5,10,0.5,37,0.5,3330,400
17.Sep.B02.10,7,9.1,0.3,10.6,0.3,36.9,0.3,3600,200
17.Sep.B02.11,7,9,1,11,1,37,1,3700,600
17.Sep.B02.12,2,9,1,11,1,37,1,3663,536
17.Sep.B02.13,2,9,0.707,11,0.707,37,0.707,3663,445.6
17.Sep.B02.14,5,9.2,0.1,10.3,0.1,36.8,0.1,3490,52
17.Sep.B03.01,3,9,0.5,11,0.5,36.5,0.5,3613.5,264
17.Sep.B03.02,5,9,0.1,10,0.5,36,0.5,3240,171
17.Sep.B03.03,2,9,0.5,10.5,0.5,37,0.5,3496.5,260
17.Sep.B03.04,7,9,0.99,10.5,1.05,37,1.11,3496.5,520
17.Sep.B03.05,10,9,1,10,1,36.5,1,3285,783.5
17.Sep.B03.06,4,9.1,0.08,10.1,0.238,36.5,4.45,3354,4.46
17.Sep.B04.01,10,9.1,0.3,10.6,0.3,37.5,0.5,3600,160
17.Sep.B04.02,7,9.1,0.2,10.5,0.2,36.3,0.2,3468.465,102.66
17.Sep.B04.03,8,8.9,0.2,10.1,0.2,36.5,0.3,3300,100
17.Sep.B04.04,5,9,0.1,10,0.5,36.8,0.3,3312,172
17.Sep.B04.05,6,9,1,10,1,37,1,3330,0.1519
17.Sep.B04.06,8,9,0.5,10.4,0.5,36.9,0.5,3453.84,404.1
17.Sep.B04.07,6,9,0.1,10.4,0.1,36.8,0.1,3440,80
17.Sep.B04.08,3,9,0.5,10,0.5,36,0.5,3240,250
17.Sep.B04.09,3,9,1,10,1,36,1,3240,774
17.Sep.B04.10,7,9,0.5,11,0.5,37,0.5,3663,267.55
17.Sep.B04.11,1,9.1,0.2,10.2,0.2,36.8,0.5,3400,100
17.Sep.B04.12,9,9,0.2,10.3,0.3,36.8,0.3,3411.36,202.98
17.Sep.B04.13,1,9.25,0.25,10.25,0.25,37,0.25,3508,0.433
17.Sep.B04.14,4,9,0.082,10.225,0.171,36.775,0.216,3384.22,65.486
17.Sep.B04.15,2,9,0.01,10.25,0.08,37,0.01,3413,27
18.Feb.B01.01,1,9.1,0.2,10.7,0.2,36.9,0.2,3590,0
18.Feb.B01.02,3,8.5,0.5,9.5,0.5,35.5,0.5,2866.625,230
18.Feb.B01.03,4,9,0.1,10,0.1,37,0.1,3330,80
18.Feb.B01.04,5,9,0.5,10.5,0.5,36.7,0.5,3468,405
18.Feb.B01.05,6,8.9,0.5,10.5,0.5,36.8,0.5,3439,258
18.Feb.B01.06,7,9,0.1,10,0.2,36.5,0.3,3285,79.7
18.Feb.B01.07,8,9,0.5,10,0.5,37,0.5,3330,253
18.Feb.B01.08,9,9.3,0.3,10.8,0.3,36.9,0.3,3700,105
18.Feb.B01.09,10,9,0.2,10.4,0.3,36.8,0.3,3444.48,6.93
18.Feb.B02.01,2,9.3,0.1,10.6,0.1,36.7,0.1,3620,53
18.Feb.B02.02,3,8,0.5,11,0.5,37,0.5,3256,255
18.Feb.B02.03,7,8.9,0.5,10.5,0.5,36.8,0.5,3438.96,0.866
18.Feb.B02.04,8,9.1,0.3,10.5,0.3,36.7,0.3,3506.7,0.5
18.Feb.B02.05,9,9.1,0.04,10.1,0.26,37,0.26,3300,0.37
18.Feb.B02.06,4,9.2,1.211,10.4,1.414,37.1,1.414,3549.7,74.29
18.Feb.B02.07,6,9,0,10.05,0.486,36.4,0.72,3292.38,28.5
18.Sep.B01.01,1,9,0.5,10.5,0.5,37,0.5,3496.5,0.125
18.Sep.B01.02,1,9.1,0.2,10.5,0.3,37,0.2,3535.35,0.412
18.Sep.B01.03,2,9,0.4,10.2,0.4,36.9,0.4,3400,200
18.Sep.B01.04,2,9,0.1,11,0.15,37,0.2,3663,0.27
18.Sep.B01.05,3,9,0.5,10,0.5,36.5,0.5,3285,391.75
18.Sep.B01.06,3,8.92,0.03,10.32,0.03,36.88,0.03,3395,15
18.Sep.B01.07,4,9.2,0.25,10.4,0.25,36.8,0.25,3521.024,129.9645
18.Sep.B01.08,4,9,0.2,10,0.1,36.8,0.2,3312,82.7
18.Sep.B01.09,5,9,0.5,10.5,0.5,37,0.5,3496.5,410
18.Sep.B01.10,5,9,0.25,10.5,0.5,36.5,0.5,3449.25,307
18.Sep.B01.11,6,9.1,0.2,10.3,0.25,31.7,0.25,2971.2,100.5
18.Sep.B01.12,6,9,0.2,10.5,0.2,36.7,0.2,3470,160
18.Sep.B02.1,1,9,0.5,10.5,0.5,37,0.5,3496.5,260.2
18.Sep.B02.2,2,9.5,0.5,10.5,0.5,36.8,0.5,3700,300
18.Sep.B02.3,3,9,1,10,1,37,1,3330,850
18.Sep.B02.4,4,9,0,10,0,37,0,3330,0
18.Sep.B02.5,4,9,0.5,10,0.5,37,0.5,3330,300
18.Sep.B02.6,6,9,1,10,1,36,1,3240,1200
18.Sep.B02.7,6,9.5,0.5,10.5,0.5,36.5,0.5,3640.9,263.2
18.Sep.B02.8,5,9,0.5,10.5,0.5,36.5,0.5,3450,50
18.Sep.B02.9,7,9,0.5,10.2,0.5,37,0.5,3396.6,260
18.Sep.B02.10,7,9.1,0.1,10.5,0.1,36.66,0.27,3502.86,57.1
18.Sep.B02.11,8,9,0.5,10,0.5,32,1,,233
18.Sep.B02.12,8,9,0.5,10.5,0.5,36.5,0.5,3400,300
18.Sep.B02.13,9,8.9,0.14,10.2,0.52,36.5,0.21,3313.47,177.8
18.Sep.B02.14,10,9,0.1,10,0.1,36.7,0.3,3303,3
18.Sep.B02.15,10,9,0.144,10,0.144,37,0.144,3330,73
18.Sep.B03.01,1,9,0.25,10.5,0.25,37,0.25,3496.5,0.433
18.Sep.B03.02,2,9.1,0.08,10.5,0.17,37,0.06,3535.4,0.2
18.Sep.B03.03,3,9,0.5,10,0.5,36,1,3240,253
18.Sep.B03.04,4,9,0.25,10.5,0.25,37,0.25,3500,70
18.Sep.B03.05,5,9,0.1,10,0.3,37,0.3,3330,163.9
18.Sep.B03.06,6,9.2,0.5,10.5,0.5,37,0.5,3570,300
18.Sep.B03.07,7,9,0.5,10.5,0.5,36.5,0.5,3449.25,403
18.Sep.B03.08,8,9.5,0.2,11,0.2,37,0.2,3866.5,109.6
18.Sep.B03.09,9,9,0.2,10,0.2,37,0.2,3240,0.35
18.Sep.B03.10,10,9,0.5,10.1,0.5,38.8,0.5,35300,2700
18.Sep.B04.01,4,9,0.25,10.5,0.25,37,0.25,3496.5,130.08
18.Sep.B04.02,3,9,0.5,10,0.5,36,0.5,3240,250
18.Sep.B04.03,5,9,0.1,10.2,0.1,36.8,0.1,3400,80
18.Sep.B04.04,10,9.1,0.1,10.3,0.1,36.7,0.3,3440,58
18.Sep.B04.05,9,9,1,11,1,37,1,3663,8.8
18.Sep.B04.06,7,9,0.4,10,0.4,36.2,0.4,3258,0.064
18.Sep.B04.07,6,9,0.5,10,0.5,36,0.5,3240,247.07
18.Sep.B04.08,1,9,0.5,10,0.5,37,0.5,3330,253
18.Sep.B04.09,8,9,0.005,10.5,0.005,36.7,0.045,3468.15,0.055
18.Sep.B04.10,4,9,0.5,10.5,0.5,36.5,0.5,3450,66
18.Sep.B04.11,2,8.865,0.191,10.155,0.219,36.755,0.346,3308.065,31.02
18.Sep.B04.12,7,9,0.5,10,0.5,36,0.5,3200,300
19.Feb.B01.01,5,9.2,0.2,10.4,0.2,37,0.2,476.56,22.1
19.Feb.B01.02,2,9,0.5,10.5,0.5,37,0.5,3500,400
19.Feb.B01.03,1,8.75,0.25,10.5,0.25,36.75,0.25,3380,200
19.Feb.B01.04,3,9,0.6,10.3,0.6,36.7,0.6,3400,300
19.Feb.B01.05,6,9.1,0.3,10.2,0.3,36.7,0.3,3406.5,240
19.Feb.B01.06,10,8.8,0.1,10,0.1,36.6,0.2,3200,86.4
19.Feb.B01.07,9,9.1,0.2,10.2,0.2,36.7,0.2,3406.494,102.036
19.Feb.B02.01,1,9,1,10,1,37,1,3330,505.9
19.Feb.B02.02,2,8,1,10,1,37,1,3330,3
19.Feb.B02.03,3,9,0.3,10.3,0.3,37,0.3,3429,0.52
19.Feb.B02.04,4,9,1,10,1,37,1,3330,3
19.Feb.B02.05,5,9,0.5,10.5,0.5,37,0.5,3500,260.2
19.Feb.B02.06,5,9,0.5,10,0.5,36.5,0.5,3280,0.25
19.Feb.B02.07,6,9,0.3,10.3,0.3,36.8,0.3,3411,8.5
19.Feb.B02.08,6,9,0.1,10,0.5,37,0.2,3330,0.8
19.Feb.B02.09,7,9,0.5,10.5,0.5,36.5,0.5,3449.25,0.93
19.Feb.B02.10,8,8.5,0.5,10.5,0.5,36.1,0.5,3220,247.9
19.Feb.B02.11,8,9,0.2,10,0.3,37,0.4,3330,209.9
19.Feb.B02.12,9,9,0.3,10.3,0.3,36.8,0.3,3411,8.5
19.Feb.B02.13,10,9.1,0.4,10.3,0.4,36.9,0.4,3459,210
19.Feb.B02.14,10,9,0.33,9.83,0.33,36.83,0.33,3260,170
19.Sep.B01.01,1,9.1,0.3,10.4,0.3,36.5,0.3,3500,200
19.Sep.B01.02,2,9.05,0.13,10.3,0.1,36.7,0.29,3420,65.2
19.Sep.B01.03,3,9,0.2,10.3,0.2,38,0.5,3411.36,57.45
19.Sep.B01.04,4,9.08,0.0374,10.42,0.058,37.24,0.12,3523.41,0.138
19.Sep.B01.05,5,9,0.2,10.2,0.25,36.8,0.25,3400,115
19.Sep.B01.06,6,9,0.3,10,0.3,37,0.3,3330,146
19.Sep.B01.07,7,9,0.5,10.5,0.5,37,0.5,3496.5,184.7
19.Sep.B01.08,8,8.8,0.04,10,0,36,0.1,3200,0.1
19.Sep.B01.09,9,9.2,0.1,10.2,0.2,32,0.3,3002.88,0.006
19.Sep.B01.10,10,9,0.5,10,0.5,36.5,0.5,3285,249.6
19.Sep.B02.01,9,9,0.3,10.1,0.3,36.8,0.3,3300,150
19.Sep.B02.02,8,9,0.5,10.5,0.5,36.5,0.5,3449.25,400
19.Sep.B02.03,4,9,0.5,10.5,0.5,37,0.5,3496.5,408
19.Sep.B02.04,2,9.1,0.2,10.6,0.4,36.5,0.4,3520,156
19.Sep.B02.05,5,9,0.5,10,0.5,36,0.5,3200,250
19.Sep.B02.06,6,9,0.5,10,0.5,37,0.5,3330,253
19.Sep.B02.07,6,9,0.5,10.5,0.5,37,0.5,3496.5,260
19.Sep.B02.08,3,8.5,0.7,10,0.5,36.5,0.5,3102.5,542.9
19.Sep.B02.09,10,10,0.5,9,0.5,37,0.5,3330,4.38
19.Sep.B02.10,5,9,0.09,10.3,0.206,36.75,0.735,3406.725,102.20175
19.Sep.B02.11,7,9.2,0.2,10.4,0.2,36.7,0.2,3511.456,103.7
19.Sep.B02.12,4,9.1,0.1,10.2,0.1,37,0.1,3430,80
19.Sep.B02.13,9,8.9967,0.188,10.32,0,36.1525,0,3356.613,70.1416
19.Sep.B03.01,1,9,0.5,10.5,0.5,37,0.5,3500,260
19.Sep.B03.02,2,9,0.1,10,0.2,37,0.2,3330,0.3
19.Sep.B03.03,3,9.2,0.2,10.5,0.2,36.8,0.2,3554.9,0.35
19.Sep.B03.04,4,9,0.5,10,0.5,36.5,0.5,3285,390
19.Sep.B03.05,5,9,0.1,10.5,0.1,36.8,0.1,3477.6,51.76
19.Sep.B03.06,6,9.1,0.1,10.2,0.1,36.2,0.2,3360,10
19.Sep.B03.07,7,9.1,0.1,10.5,0.1,36.8,0.1,3516.24,0.001
19.Sep.B03.08,8,9,0.1,10.5,0.1,36.6,0.2,3458.7,0.03
19.Sep.B03.09,9,9,0.1,10,0.1,37,0.1,3330,0.17
19.Sep.B03.10,10,9,0.1,10.3,0.2,37,0.1,3400,22
19.Sep.B04.01,7,9,1,10,1,37,1,3330,1316.07
19.Sep.B04.02,4,9.2,0.1,10.3,0.1,36.9,0.1,3500,50
19.Sep.B04.03,2,9,0.5,10.5,0.5,37,0.5,3500,400
19.Sep.B04.04,1,9,1,10.5,1,37,1,3497,170
19.Sep.B04.05,9,9,0.5,10,0.5,36.5,0.5,3285,249.6
19.Sep.B04.06,3,9,0.5,10.1,0.5,36.5,0.5,3300,300
19.Sep.B04.07,6,9,1,10,1,36,1,3240,490
19.Sep.B04.08,8,9,0.5,10,0.5,37,0.5,3330,19.2
19.Sep.B04.09,10,9,0.5,10,0.5,36,0.5,3240,237
19.Sep.B04.10,5,9,0.5,10,0.5,37,0.5,3330,252.9
20.Feb.B01.01,2,9,1,11,1,37,1,3663,529.6998
20.Feb.B01.02,4,9.1,0.5,10.3,0.5,36.8,0.5,3440,260
20.Feb.B01.03,6,10,0.5,10,0.5,37,0.5,3700,266
20.Feb.B01.04,3,8.95,0.01,10.025,0.0025,36.75,0.0833,3297,479.4
20.Feb.B01.05,10,9,0.5,10,0.5,37,0.5,3330,184
20.Feb.B01.06,5,9.08,0.2,10.37,0.2,37.2,0.9,3502.5,120.4
20.Feb.B01.07,9,9,0.1,10.1,0.1,37,0.1,3360,50
20.Feb.B02.01,7,9,0.2,11,0.2,37,0.2,3663,107
20.Feb.B02.02,2,9,0.5,10,0.5,37,0.5,3330,1.5
20.Feb.B02.03,8,9,0.25,10.5,0.25,37,0.25,3496.5,130
20.Feb.B02.04,6,9,0.5,10.5,0.5,37,0.5,3500,260
20.Feb.B02.05,9,9,0.5,10,0.5,37,0.5,3330,253
20.Feb.B02.06,5,9,0.1,10.5,0.2,37,0.1,3500,80
20.Feb.B02.07,3,9,0.2,10,0.2,37,0.2,3330,101.2
20.Feb.B02.08,10,9,0.5,10,0.5,37,0.5,3330,253
20.Feb.B02.09,1,9,0.5,11,0.5,37,0.5,3663,14.48
20.Feb.B02.10,4,9,0.5,10,0.5,37,0.5,3330,0
20.Feb.B02.11,1,9,0.5,10.7,0.8,36.7,0.8,3530,310
